<?xml version="1.0" encoding="UTF-8" ?>
<!DOCTYPE mapper
  PUBLIC "-//mybatis.org//DTD Mapper 3.0//EN"
  "http://mybatis.org/dtd/mybatis-3-mapper.dtd">
<mapper namespace="board">
  
  <select id="bdList" parameterType="Integer" resultType ="Map">
	SELECT m.mapimg, m.mapname, h.heroimg, h.heroname, b.title, b.content1, b.no, b.hno, b.mno
	FROM BOARD AS b
	inner join HERO AS h 
	ON (b.hno = h.no)
	INNER JOIN MAP AS m
	ON (b.mno = m.`no`)
	WHERE b.no = ${no}
  </select>
  
  <select id="bList" resultType="Map">
	  SELECT b.no, b.title, h.heroname
	  FROM BOARD AS b
	  inner join HERO AS h 
	  ON (b.hno = h.no)
	  ORDER BY DATE DESC LIMIT 7
  </select>
  

  <select id="bList2" resultType="Map">
	  SELECT b.no, b.title, h.heroname
	  FROM BOARD AS b
	  inner join HERO AS h 
	  ON (b.hno = h.no)
	  ORDER BY HITS DESC LIMIT 7
  </select>
  
  <select id="getHero" resultType="Map">
  	SELECT * FROM HERO
  </select>
  
  <select id="getMap" resultType="Map">
  	SELECT * FROM MAP
  </select>
  
  <select id="getboradList3" parameterType= "Map" resultType="kr.team1.app.web.board.Boardbean">
		SELECT b.no, h.heroimg, m.mapname, b.title, b.`DATE`, b.hits, b.id
		FROM BOARD AS b
		inner join HERO AS h 
		ON (b.hno = h.no)
		INNER JOIN MAP AS m
		ON (b.mno = m.`no`)
		WHERE 1 = 1
		<if test="hno != null">
			and b.hno = ${hno}
		</if>
		<if test="mno != null">
			and b.mno = ${mno}
		</if>
		<if test="title != null">
			and b.title LIKE '%${title}%'
		</if>
		<if test="id != null">
			and b.id LIKE '%${id}%'
		</if>
		
		limit ${position}, 4
  </select>
  
    <select id="getTotalCnt" parameterType= "Map" resultType="Integer">
  		SELECT count(*) 
  		FROM BOARD AS b
		inner join HERO AS h 
		ON (b.hno = h.no)
		INNER JOIN MAP AS m
		ON (b.mno = m.`no`)
		WHERE 1 = 1
		<if test="hno != null">
			and b.hno = ${hno}
		</if>
		<if test="mno != null">
			and b.mno = ${mno}
		</if>
		<if test="title != null">
			and b.title LIKE '%${title}%'
		</if>
		<if test="id != null">
			and b.id LIKE '%${id}%'
		</if>
  </select>
  <select id = "getboardList" parameterType= "Integer" resultType="Map">
		SELECT b.no, h.heroimg, m.mapname, b.title, b.`DATE`, b.hits, b.id , h.heroname , content1, h.no as hno
		FROM BOARD AS b
		inner join HERO AS h 
		ON (b.hno = h.no)
		INNER JOIN MAP AS m
		ON (b.mno = m.`no`)
		WHERE b.no = #{no}
  </select>
  
  
<!--   <select id="getPag" parameterType="kr.team1.app.web.board.PaggingBean" resultType="Map"> -->
<!-- 		SELECT BOARD.no, heroimg, mapname,title,`DATE`,hits, BOARD.id -->
<!-- 		FROM BOARD,HERO -->
<!-- 		WHERE BOARD.heroname = HERO.heroname -->
<!-- 		ORDER BY 1 DESC -->
<!--  		LIMIT #{startPoint}, #{vCnt} -->
<!--    </select> -->

<!--    <select id="countPag" resultType="int"> -->
<!-- 		SELECT COUNT(*) FROM BOARD  -->
<!--    </select> -->

<!-- 	<select id="bListhero" > -->
<!-- 		SELECT BOARD.no, heroimg, mapname,title,`DATE`,hits, BOARD.id -->
<!-- 		FROM BOARD -->
<!-- 		INNER JOIN HERO -->
<!-- 		ON (BOARD.heroname = HERO.heroname) -->
<!-- 		WHERE heroname = #{} -->
		
<!-- 	</select> -->

<!-- <insert id ="bcreate" parameterType="hashmap"> -->
<!-- 	INSERT INTO BOARD ('title', 'content1', 'content2', 'content3', 'content4', 'content5') -->
<!-- 	VALUES( #{title}, #{content1}, #{content2}, #{content3}, #{content4}, #{content5}) -->
<!-- </insert> -->
<insert id ="bcreate" parameterType="hashmap">
	INSERT INTO BOARD ( title, content1, id, date, hno, mno)
	VALUES( #{title}, #{content1}, #{id}, #{date}, #{hno}, #{mno})
</insert>


<update id ="bupdate" parameterType="Map">
	UPDATE BOARD
	SET
		title = #{title},
		hno = #{hno},
		mno = #{mno},
		content1 = #{content1}
	WHERE 
	no = #{no}
		
</update>
<delete id ="bdelete" parameterType="Integer">
	DELETE FROM BOARD
	WHERE no = #{no}

</delete>

<update id ="hitscnt" >
	UPDATE BOARD
 	SET hits = hits + 1
 	WHERE BOARD.no = ${no}
</update>
</mapper>